tmean,vpdmax,tmin,tmax
28.353295508553,51.960985323962,19.5312205412809,37.1763235120212
29.9672516584396,61.2481564283371,20.2699999213219,39.665656208992
24.7810010910034,36.2956666946411,17.2154165903727,32.3475001653036
NaN,NaN,NaN,NaN
23.6954067880257,40.7034874739167,14.5115989683525,32.8806063112435
21.9881674275996,38.4428723554162,12.0957712176448,31.8812626348452
NaN,NaN,NaN,NaN
32.9679404700335,67.7677217513116,24.2960854121181,41.6407308520797
NaN,NaN,NaN,NaN
15.4695649561298,22.9450868024239,7.41796400341228,23.5219924348365
29.8828985586946,60.52596149038,20.0792698294221,39.687127347476
21.4797031029237,30.380063554736,13.0738288325448,29.886300122622
21.7550009727478,28.7016497611999,14.938850069046,28.5720002174377
NaN,NaN,NaN,NaN
27.2448408194059,49.3738866449356,17.9074859948702,36.5835342927484
19.0479156752646,23.4175784325796,13.3551827009623,24.7417744689832
25.0784698721289,42.0203905556152,15.8227915999748,34.3353358913371
21.5841896168776,32.123568882028,13.5729030499293,29.5965729324589
26.2754908974663,37.4244672003862,18.1172708893669,34.4348915437123
10.6758634421731,10.6504735333403,5.11480571071583,16.2377715534654
20.1784683226136,30.1587791390579,11.8061959238523,28.5512715592949
17.5693543497337,23.5546702297423,9.5886357992222,25.5510370675448
18.6539826541572,24.0041398476811,10.9284436500999,26.3800785780264
NaN,NaN,NaN,NaN
NaN,NaN,NaN,NaN
29.2092883692202,60.9920654650972,19.0865786327364,39.3334950442223
22.6887512207031,36.8925008773804,13.6935000419617,31.6847505569458
21.0110615238175,26.1245992323075,13.8282602505923,28.1950703896769
21.3577936765828,49.9360253999277,6.80532954522983,35.9114019973096
11.2719288311557,14.0905522018625,5.27069612883056,17.2736796755032
15.3789666298462,20.917353301549,8.83232870026753,21.9264919079703
NaN,NaN,NaN,NaN
26.0731799261911,47.6646427427019,17.1613571814128,34.9861069406782
19.6822009086609,32.2379000663757,10.9162500143051,28.4491501808166
29.5037514368693,56.0466664632161,20.1543332735697,38.8542496363322
25.970819479319,49.6597650847166,15.5388741451262,36.4037434576995
23.3232873168983,34.4650612215229,15.0415074759481,31.6060865419562
23.5637374721155,36.5823897923036,15.1699598550957,31.9582014700064
23.6906601659558,44.185103571518,12.9602810199501,34.4224318018878
30.4806844514472,50.3611635573073,23.485959079545,37.4762959826376
NaN,NaN,NaN,NaN
22.3148187888386,41.1932715084656,9.68499227802769,34.9462785658421
20.2625852138635,36.7886982145861,9.21776589602601,31.3082246728854
NaN,NaN,NaN,NaN
20.3434100888491,42.5967656858487,7.45367897946532,33.2343224484217
24.7993297786062,37.1272723904396,16.1964500193101,33.4033817947227
26.2322511672974,48.0515003204346,16.8492503166199,35.6160001754761
17.0360994064861,30.1432257008873,5.59699009716537,28.4767030990102
NaN,NaN,NaN,NaN
NaN,NaN,NaN,NaN
21.6257510185242,31.4067497253418,13.047000169754,30.2054996490479
27.3805829107389,46.6223955871242,17.7869004414748,36.9750130735774
28.8127517700195,59.8227491378784,17.8714995384216,39.7552499771118
23.7756823212109,41.6104651554553,12.4428922153696,35.1097023316371
27.4944647956654,47.5306669056889,19.4614345065854,35.5288347532603
22.3986013983611,37.3376291564983,12.415176996457,32.3830135268447
19.5668771974947,27.0002947435485,12.9305776321841,26.204169013401
21.7866876711076,22.4533833627733,14.8433141144068,28.7313081705495
26.6704428920125,41.6977359315274,17.2132337078319,36.1289003022213
NaN,NaN,NaN,NaN
NaN,NaN,NaN,NaN
22.0923614364165,29.0717708968536,13.9381789900344,30.2474818544686
NaN,NaN,NaN,NaN
21.381333530379,37.0106149709012,11.5373129498162,31.2260974956672
26.7469178938931,55.1945751161949,15.6417658624564,37.8528174111586
NaN,NaN,NaN,NaN
14.0754334968767,12.5413212058294,7.71510577837213,20.4367920030443
20.1905944943428,30.3380313515663,13.8043124973774,26.5779687166214
20.0469652584621,26.0853215626308,13.1731428759439,26.9217143058777
19.7747509002686,30.0654500961304,11.3117500782013,28.2388500213623
20.1464593410492,35.8857080141703,10.1366666555405,30.1570417881012
20.8399011611939,26.4838500976562,14.691999912262,26.9887001037598
18.5873341560364,29.5460832913717,9.39025012652079,27.7852501869202
18.5206007957458,17.7606499671936,13.8724500179291,23.1698499679565
20.2330010732015,25.544583717982,12.7107501824697,27.7560838063558
16.7048191944082,24.665507670576,9.26990945950723,24.1406714443846
20.8973758220673,33.0034999847412,13.6166249513626,28.1794996261597
20.2489564516198,27.6127000052289,14.122743856772,26.376426782733
17.5567649112978,24.6721562471302,8.41164244413164,26.7029519470256
20.9863089091318,32.2828285341244,13.0943381689956,28.8788637082547
16.7119219611619,29.5727694295969,7.2335436116954,26.1909444195629
25.0142079201128,41.08872308395,17.4951022298025,32.5345340783242
20.9720394776031,31.5445535816459,13.2679744040164,28.6766682466939
19.3108352440972,32.7710773478536,10.7870511579513,27.8358965632297
17.5201698395751,27.4727070407823,9.30120114606982,25.7401187344668
17.5666643754968,24.605192731507,8.97792234391916,26.1560798682951
18.8131400173718,25.70421018404,11.0050411840377,26.6224244976154
20.0985348057797,25.2390385202719,12.2574013631695,27.940190844872
24.3342048002169,37.7188826628178,17.8499671630922,30.8194994462494
NaN,NaN,NaN,NaN
22.7455523292189,36.7507410594025,13.9996966389213,31.4927532992646
NaN,NaN,NaN,NaN
14.9837402220314,7.19803780714589,10.5960002685462,19.3721730068807
24.5874011038931,45.6228663325305,15.4535064705073,33.7220570497194
21.8697928455133,45.251842631073,10.7186038507708,33.0219296422531
19.5360778661875,34.8189614736117,9.66838459785168,29.4044807874239
19.0110008716583,36.1927495002747,8.24500000476837,29.7781245708466
19.3955006599426,32.0607500076294,10.6160000562668,28.1758749485016
25.158287357739,51.5271898929153,13.5028784347188,36.8146933750199
15.8555988507903,25.5398462090399,6.50838243063702,25.2038353135477
25.7469970530035,49.2647482583989,15.35596868546,36.1390234251186
NaN,NaN,NaN,NaN
25.5307081249232,49.9716126230545,15.0884564334117,35.9741678481906
24.7202915304498,49.749626668732,14.1537761553411,35.2871033064919
26.4638102407231,46.456868026547,16.5875975654994,36.3404195807488
27.6255714361594,53.4358944364346,17.1895292099714,38.0624032239972
26.2020010948181,47.5824995040894,17.5209999084473,34.8832507133484
24.6975016593933,41.9332494735718,15.3790001869202,34.0174999237061
20.0750132970084,41.6976069825336,8.64506128815807,31.5054631864084
27.6655011177063,54.4412498474121,17.6577501296997,37.6740007400513
23.8622511227926,39.0864446428087,14.6944722334544,33.0309721628825
29.9894390106201,57.1217498779297,21.0385624170303,38.9410624504089
24.53737616539,41.1151876449585,15.498562514782,33.5769376754761
NaN,NaN,NaN,NaN
25.2626264095306,44.8480000495911,17.2907501459122,33.2355003356934
24.9786380567636,41.8773098449759,16.8357605403122,33.1224565184579
22.7189615415036,39.5670097120156,13.9849484460533,31.4540835503546
12.2096331413277,20.2211577857316,2.6848815091851,21.7357591833168
23.4744071719843,45.5374385088264,14.0914978696535,32.8585148509111
25.9247781118495,46.9888916731655,16.9617840342226,34.8888810893198
28.7612020156145,61.5395289262484,18.4678623501673,39.0560144768544
18.1868145522625,24.15677726486,10.2189615122742,26.1559084004826
NaN,NaN,NaN,NaN
28.2027692958384,65.520794560265,16.4443171991609,39.9621757537574
22.1324223259402,34.9393130074745,12.9617620960216,31.303829808726
15.174971976276,15.7373365708243,9.29305721546472,21.0580551843227
28.6393899009467,68.7901712140469,16.246507380115,41.0334453547722
NaN,NaN,NaN,NaN
NaN,NaN,NaN,NaN
22.1170102495978,24.3210633073934,14.2876821035577,29.9473318226478
28.4475777132782,50.2546748325562,21.2165401444978,35.6803609738209
24.1346433796799,32.4138837219481,15.2283319236142,33.0419014399487
26.984251499176,46.5812501907349,17.6855006217957,36.2840003967285
NaN,NaN,NaN,NaN
29.3855417317503,54.6274241706722,19.8287988546361,38.9430265669383
17.3151446437858,19.1356072093205,10.2023634112492,24.4287764963226
21.1284934245721,33.4113178518283,12.2889200951529,29.9693155818646
28.5778258919038,60.3555656159238,17.9900508611991,39.1666014883821
24.3400011062622,37.321249961853,14.8159999847412,33.8645000457764
25.1363738398275,43.4433035715496,17.047739964018,33.2260065781137
18.9165008862813,20.7427501678467,12.2284167607625,25.6052500406901
20.7747707558621,32.68295538606,12.8878307221723,28.6631749147542
19.2192511558533,17.2757499217987,12.3062500953674,26.133499622345
28.806001663208,54.8360004425049,18.9827501773834,38.6302499771118
NaN,NaN,NaN,NaN
30.3351265589396,59.7112921079,21.2161667346954,39.4549581209819
26.2752513885498,49.710000038147,15.6535001993179,36.8977499008179
25.3681266307831,47.7963752746582,14.4454998970032,36.2917499542236
15.9679532290441,23.7289984140138,7.16935877830368,24.7676211526203
30.4663695290719,66.2670839921585,20.5575570693705,40.3763023483019
25.5613366457652,48.7512344334242,14.0797890991304,37.0445800377427
25.6087978471208,39.948641192098,17.0051115200973,34.2129283393413
24.1108767154461,40.2994155047098,15.2760514658134,32.9459630737861
18.6299641516555,25.5416108421951,11.0084462783483,26.2523095325594
16.6497376703641,27.6598267000048,6.52102650203216,26.7796973583326
20.766970121315,25.1350945773642,12.1775897963177,29.3570964588438
25.8443433492798,44.131164019203,16.9980420334096,34.6922754725934
27.0861459324991,65.091322488529,13.8426048103178,40.3309340663648
21.6040090098725,36.4173497912464,12.3802014994262,30.828860780364
25.4579245127396,44.6003941370122,15.6754057482552,35.241545169781
26.12432568283,42.3895259673861,16.9717436505358,35.2777082087715
23.3609252500725,38.7481141946718,13.6992377770755,33.0231833412042
23.4444596477054,45.2475924926996,13.6484297198524,33.241463114553
23.461598917248,39.3225818946554,13.8497051564715,33.0742339984729
18.1419036307101,14.6222136363371,12.0258095039998,24.2587683844145
NaN,NaN,NaN,NaN
27.3625134206508,60.7026890255491,15.8605625293004,38.8652994792075
29.5763654756404,54.8071647308218,20.3434536124005,38.8102171490556
NaN,NaN,NaN,NaN
NaN,NaN,NaN,NaN
27.5843409199954,52.1003542780162,18.549444408502,36.6206470746819
25.6985012888658,46.4495723259714,16.2069865822763,35.1910038835103
25.5637512207031,45.0524997711182,15.7894997596741,35.3389987945557
28.3224445039576,52.9036590186032,20.1069090583108,36.5389772761952
25.3196619919368,37.401589018958,18.2570357663291,32.3832321166992
22.180251121521,34.2000416914622,12.8437499602636,31.5178333123525
NaN,NaN,NaN,NaN
32.5802512168884,69.4345006942749,23.2597503662109,41.9012503623962
31.6696719096546,63.8224302842156,22.8513556158505,40.4892344896407
31.0432186274203,51.5244259536293,24.060992424913,38.0266498517626
15.0877999535131,19.9027393492067,6.99189980988891,23.1842188621518
30.5544152610972,59.0046483411559,21.2299677510382,39.8796697713082
31.6764918408387,65.1494444300558,22.4876832599376,40.8657232139135
NaN,NaN,NaN,NaN
NaN,NaN,NaN,NaN
24.1533563960715,40.4172897608916,14.6465811543316,33.6615151595271
12.4196598150518,17.3841757469054,4.36010440039136,20.4803582584303
20.2840013504028,36.3222498893738,9.39600014686584,31.1732501983643
17.034682368981,26.4221861838283,7.71998355979736,26.3505944526265
NaN,NaN,NaN,NaN
27.0959867139188,44.5813749254829,19.1700208020826,35.0231862709062
24.8895010948181,40.433500289917,15.7657499313354,34.0144996643066
NaN,NaN,NaN,NaN
24.9904007120209,42.0620961609938,15.3104562597512,34.6720538857383
28.1977515220642,52.710750579834,19.0922498703003,37.3042497634888
30.370058298111,56.5224542617798,20.9159658605402,39.8252272172408
28.9146262407303,58.4452497959137,20.1499376296997,37.6803126335144
28.138001203537,51.1125001907349,18.5846251249313,37.6923747062683
17.2885127274023,16.1869427282413,11.8525939335392,22.7254677523953
26.0851263999939,48.7391247749329,16.8483749628067,35.3231248855591
16.8016257286072,22.0477499961853,8.21687507629395,25.3875000476837
16.8146257400513,11.4998751878738,11.3332500457764,22.2967500686646
15.7051324922666,23.3521376305994,6.83386608915117,24.577487012901
28.3173761367798,46.7692499160767,20.3320000171661,36.3036251068115
16.6129140481191,17.8990384227987,9.0389625015176,24.187845581337
18.3039966477871,18.9330535011649,11.0791975508131,25.5299834519265
23.0684184800269,29.1450752692638,14.9803380285666,31.1572266745051
26.3440511102019,42.1311556182328,19.314439426153,33.375029698455
23.1562780264383,39.8726579932213,12.51870201149,33.7952393144282
27.3423799569261,56.8239247105246,16.5849057370066,38.1007004633871
19.8208932758404,30.3448950962633,11.6794499022062,27.9634972118199
21.9145585354073,34.3726797230078,14.0512900653589,29.7784256424681
19.2863429851526,28.2326347712382,9.83359932701964,28.7401603085309
21.9666108917574,39.1778071061654,11.162467800311,32.7718336651914
18.2801405962868,22.2758044121602,10.6686978588245,25.8923463162476
29.5682753923024,53.5396249331258,20.6190393621811,38.5182093119832
19.3194151790382,31.6237442222085,8.36199563916021,30.2770855700614
19.298341127736,27.4876637899612,10.72175955046,27.876007959885
20.3534356051402,27.3224986745533,11.2189152002921,29.4882313046666
22.1666874969504,31.1360413944629,12.8804901968509,31.4536333104533
17.8057488608484,18.919957827187,10.4591902753317,25.1535232106279
26.1577891211747,47.8478075196395,17.5174829389114,34.7993927484915
27.3371689044593,43.6049481665629,17.9711281192472,36.7044460143685
22.5435009002686,35.6797494888306,14.3382501602173,30.7495002746582
18.0501138445842,18.7014085493561,11.7102591780877,24.3911142247276
13.0162178909438,17.0184582327818,7.33753452235852,18.6962308911326
23.6443047603719,37.4603515056111,14.9043376876788,32.3851591678607
26.2893234698915,47.8863022499147,16.6115583956271,35.9675846731531
22.2583225212184,25.9862677576324,15.1903025820929,29.3270675553837
23.4777921914926,38.8350258835627,14.3111663812423,32.6460706505474
19.5415960522426,18.7794574163657,13.0556282194033,26.0285617726865
13.7575135768473,19.2862395979169,7.61287898412537,19.9031915294029
NaN,NaN,NaN,NaN
16.0465009212494,20.6970000267029,9.11924982070923,22.9745001792908
14.5661977810687,16.2995260142517,9.37440641568396,19.7597324807101
NaN,NaN,NaN,NaN
23.4131379164812,37.1971151130953,14.8298047101322,31.9972206189724
22.634319117817,33.9858018515879,14.4267168579406,30.842918491616
23.2805617062787,36.7246257490208,14.9126317438594,31.6495299414682
21.9950982104615,33.9656693431557,13.8134967161336,30.1781096447835
25.8026314061552,42.8875920080195,16.5720364806537,35.0340601581916
25.3390011787415,42.5052499771118,15.563000202179,35.116250038147
22.9038476346202,36.5402384937815,13.3306849119782,32.4778674058858
23.5162510871887,40.5144987106323,13.9127497673035,33.1212496757507
19.0122380264029,13.2094929605112,13.4671683159368,24.5580264204649
25.7000429232915,43.6038750807444,16.5132292310397,34.8877085049947
25.2215846379598,36.5339166323344,17.0939166545868,33.3499170939128
24.7462957202504,43.9034407550805,13.0162822377333,36.4771430221471
26.992824145263,54.4907160214855,17.4111482042424,36.5756197140508
19.3101723562063,20.5323483158553,12.3894470093813,26.2320536611209
22.2376572347812,36.4050490917322,12.4424086247959,32.0339187440046
21.7518225052015,33.1105571434368,13.8692955556016,29.6353377280112
20.1534794670223,18.5676480645769,13.9361545876186,26.3720311868745
21.2283510164073,28.4288315542535,13.6695891435569,28.7881384701177
22.7367340359268,27.8760577788838,15.3057989400411,30.1689602960317
21.7283471436941,32.5916816233623,13.544907820825,29.913136809088
21.2507509433531,37.7387551061915,12.0254813951991,30.4768901790707
25.7011398026631,30.8551636070853,19.1172524022666,32.2860896269193
23.1825413410008,35.6686693556977,14.2396074908172,32.1262263843357
20.8052379784408,27.0338640000646,13.9421350142967,27.6692765512519
20.704098926781,25.3132950059905,11.971916133105,29.4375295467109
20.172567798655,22.6523470052665,12.0005483156986,28.3455431071508
21.9175769999133,24.4976557948461,14.6353444401529,29.2008040637768
21.786664609689,36.5184037962103,12.8440062624542,30.7302360271061
23.0145629391825,24.6468294113209,16.1119591801182,29.9184146694827
16.4451365675275,18.3300729586289,9.89515077428964,22.996091387385
20.6615945626818,21.6472133691107,13.9860111510213,27.3382790947112
13.9530005455017,25.3262500762939,4.39125007390976,23.5159997940063
24.7232508659363,31.5404996871948,17.5729999542236,31.874499797821
15.5041723947418,23.9384607091516,6.67036187819913,24.3386431150708
21.8187397354393,35.321798484809,12.252548351976,31.3859156584513
26.104501247406,35.2097506523132,18.0572504997253,34.1525001525879
18.4581255912781,21.2673125267029,10.2543125748634,26.6628123521805
25.6957511901855,39.204749584198,16.8947499990463,34.4973750114441
24.6385925081682,38.9518673238308,15.8982327839615,33.3798445560944
18.8657507896423,21.9214999675751,10.2202501296997,27.5120000839233
NaN,NaN,NaN,NaN
18.2631257375081,19.5661248763402,10.9334583282471,25.5939165751139
14.9084381461143,20.1771874427795,7.21931245923042,22.5987498760223
31.9873764514923,63.6640000343323,21.6843750476837,42.2908754348755
31.3701535114254,61.7192556575461,21.3268860067449,41.4140996051961
17.1469656797177,18.187276718384,10.1802205537292,24.1144516267396
28.0573465314119,50.2136906205978,18.8746696611327,37.2411920369766
25.5286135782313,52.2598919388608,13.7405601670236,37.3177336483106
27.4830261226947,38.7503601484266,18.3394350832181,36.6277810918158
27.2079646137539,38.8595082569272,18.4398571854195,35.9770670229844
23.3596449675771,42.1933802581362,11.8688415269391,34.8514012812198
21.4055789584139,36.9710590055685,13.1820380244541,29.6305834751477
27.3076584890128,49.372720521963,17.2425604883429,37.3739245770699
25.2487988511556,40.6702675188971,13.2824083700158,37.2165463449256
23.8822507858276,39.1207494735718,14.8984999656677,32.8669996261597
31.544121679601,55.9038424445806,23.9993634091094,39.0896476540784
22.0930008888245,39.2985000610352,12.8409998416901,31.3459992408752
26.1014806075348,42.6086716729023,17.7696915163519,34.4341210339696
21.773789515508,35.197807064488,11.5600919390299,31.9884849345003
21.4189406427844,29.8792499344924,12.1137327654608,30.7250861463876
22.6260010719299,30.6776249170303,16.5209000706673,28.7319250106812
22.6043511390686,40.2509501457214,13.6030500411987,31.6067997932434
27.1647511720657,47.6624374389648,18.6425000429153,35.6882498264313
21.1016509056091,37.4091495513916,11.9539999485016,30.2502498626709
26.278834660848,48.6741663614909,16.413333495458,36.1452503204346
27.1605742934825,49.1313939741057,18.1451101249812,36.1772993143369
23.0794650255373,40.2823374268118,13.2715847311207,32.8883688557939
NaN,NaN,NaN,NaN
26.2457259309898,45.9574420672127,17.2405153648391,35.2520382158324
26.5753257637096,46.8662657435868,17.73690210541,35.4148726732551
23.4412228672853,41.8533538552607,12.0393284104701,34.8442093489223
13.8703438043178,10.5810538565041,8.50424279461028,19.2372727176275
26.8852432101657,45.5810421703132,18.9005829151765,34.8709692236017
27.0385641699018,50.8915001878475,17.5692803131607,36.5093715559231
26.4583682627174,49.8364618187603,16.4204583513989,36.497402187566
27.2310013771057,41.4867496490479,19.2447500228882,35.2182502746582
24.1467406813797,41.2284281604345,14.9618504733845,33.3321671123754
22.6138082039488,33.5460356443528,14.0178471679413,31.2107636056516
24.6566906930513,36.7794048614904,16.3982376118536,32.9157747767251
24.8751436728331,45.2658451597872,14.6393569230424,35.1115745691122
25.6337668895721,42.3061717748642,17.0904218405485,34.1781562566757
16.9086679846734,29.3387725255064,7.32317544416779,26.49504481881
28.0433762073517,46.8743739128113,19.9122498035431,36.1759991645813
20.2686616399082,36.3181157348262,9.77163872975294,30.7665570652799
16.8226255178452,29.367999792099,8.27437508106232,25.3718752861023
8.04561187321123,11.7486824701507,1.18355565585258,14.9088757931862
27.363626241684,47.9746246337891,19.2376252412796,35.4906249046326
NaN,NaN,NaN,NaN
22.4777389434818,40.2338833800347,13.4334441815379,31.52306593699
13.45532703484,17.3347730336953,6.99398501082504,19.917555617125
19.3400543252279,41.546808292675,6.68966763508827,31.9915586439706
27.2307039475614,49.5599659458377,18.1437969647357,36.3187700720291
24.5654574184707,31.8880802359546,16.1714814092677,32.9603595580857
21.4371938246757,32.5866178987451,12.0246435802887,30.8509760711586
28.2799924346672,51.9538792672468,19.4686025415327,37.0925698368588
22.7172237134152,30.0095366922337,14.6907517258851,30.745362697275
24.2545101656381,47.0332871191489,12.9999975166182,35.5097569273597
14.6713290632349,20.5305677848849,8.93080857966972,20.4130620981029
23.07001972488,40.3215718799871,14.4930266832111,31.6485070669423
18.0620759267571,26.5127376530708,11.2688659160013,24.8569256694753
25.0531889940783,39.3866950206248,17.3358863638691,32.7714890893487
20.643345649463,37.5548062072323,10.5695517057254,30.7181256186647
13.4332504272461,14.7987501621246,7.77175009250641,19.0960001945496
21.2136061818976,36.5557633701124,13.1262237021798,29.3019999453896
21.6613677978516,38.4573666572571,13.1843000253042,30.1391335805257
24.3487510681152,36.4468331336975,16.9423332214355,31.7559173901876
19.5811259746552,24.024374961853,13.7263749837875,25.436999797821
19.0491256713867,22.3442498445511,11.5309998989105,26.5684998035431
9.96789060124335,7.57279571809211,4.70640626049437,15.229996365453
24.6607417631873,41.21224480342,15.3048367772211,34.0176391610077
27.7832564157361,46.38737275479,20.3201354960986,35.2473206352155
15.8498104197694,13.1334982229936,9.30305438502567,22.3976102151601
18.4897168879073,35.1095122644548,8.00975744861509,28.9705047333271
8.9462503194809,12.1123750805855,2.32437505200505,15.5690001249313
18.9917596386656,32.0875824151214,9.7262456922999,28.2580894305764
25.8070654462842,37.9525186852944,18.6864804217054,32.9286470822282
20.3371343234379,23.3351326186162,14.0170722108524,26.6577702242431
24.9628300000048,42.3360613244356,15.0069739641542,34.9199345994299
21.9020312598059,36.8596302609806,12.3025767676463,31.5022110771278
22.1832504272461,30.000500202179,13.5672497749329,30.8002500534058
27.4447754425163,47.7782701278944,19.428652794416,35.4615559492759
27.2921679814657,49.6759166717529,18.8926666577657,35.6926663716634
16.5938758850098,17.674250125885,9.6782500743866,23.5101251602173
23.6455581068937,31.0173499071944,15.0133337302917,32.2787626989548
17.7515079857564,17.6641704253147,11.3233209467693,24.1806550450155
24.8344409687568,48.900476423721,15.3018387342297,34.3679907132637
23.4635009765625,50.639500617981,11.2872500419617,35.6409997940063
22.4152507781982,36.8920006752014,14.4157497882843,30.4154996871948
19.4972518270249,21.764865431162,11.8881752379588,27.1069545807247
21.4845722743443,31.0784641333989,14.4833570889064,28.4868929045541
21.9321675300598,31.2427498499552,14.3316666285197,29.5338333447774
12.3405004739761,23.2525626420975,2.74487498030066,21.9373749494553
24.9982511997223,48.0741248130798,15.0366250276566,34.9603757858276
25.4920012950897,39.9295001029968,18.0452499389648,32.9393751621246
27.2376263141632,54.3526258468628,16.9046249389648,37.5716252326965
18.2276646291119,33.6892801980284,7.59159252803034,28.8644821698101
26.824515677365,51.8678819445988,17.7679156767714,35.8819870410164
24.7239597742284,46.7940152530596,14.8165342681178,34.6322969116491
23.0927680273836,34.1262910773816,16.6820427210888,29.5042467636646
22.6670429319968,42.4782623008017,11.1956375945656,34.1396712279198
16.4014846921082,20.0937762711266,10.0930296284273,22.7107942222751
21.3465638672961,34.7125190038201,11.8800102838089,30.8139961412006
16.7458202295088,30.5936129156926,6.23673876084316,27.2560440013279
22.0216500229013,28.4241218788932,13.5663352023149,30.4779913950307
21.716186855066,40.3254528009015,9.54660846053647,33.8870134811378
27.3647069158431,54.9042529277675,16.5294669350424,38.2009284371137
23.1790329900021,34.1542185753127,14.8333829127349,31.5257901891692
24.8464553875974,44.3159210325266,15.2312645092525,34.4626369646296
30.5615010261536,67.9792490005493,19.9222495555878,41.2027492523193
20.6143473087348,32.8080336061077,11.0040664210936,30.2252027285099
22.5306084927885,34.0001417540866,15.1479427768303,29.9138400582142
19.4462402328801,28.306196596119,11.4738183656738,27.4198076845025
14.3193339506785,25.7545833587646,4.93608335653941,23.7037499745687
19.0548411713575,26.1330855477678,11.2836826988358,26.8271292512926
22.1101317937074,30.6860029931902,13.5062442994764,30.7147923287069
26.2543746405905,46.3553481188121,16.8337451955355,35.6753710460601
10.0463580015093,16.4859015522229,1.89042920564461,18.2035307714757
25.9085473172065,45.022300825577,17.2417724322186,34.5756829763937
25.8354721478525,48.4183236754908,15.9703497354757,35.7020910778378
20.9729557082089,31.2323415476529,12.0804907520821,29.8664046789018
21.7102009032251,29.8417581596732,13.5254782085447,29.8954573914545
23.296000957489,32.0057506561279,14.0447499752045,32.5482497215271
21.4763718267572,23.5628162911189,14.9246942730305,28.0292963231853
18.78939798299,26.4178013731452,10.6624999922865,26.91720588067
14.2184649876186,27.8643572671073,3.3978928681463,25.0398928778512
25.3141393967394,38.9107624150683,18.0317185011958,32.5972034107266
26.0111960157098,47.2577828053641,16.0211497199521,36.0022357908901
6.25575031040254,3.90859826036786,2.5633900416461,9.94930561851016
16.3827033705908,18.3724468151719,8.97620586359007,23.7902671398965
16.6498201586006,29.0598743469388,5.87688505846077,27.4237215720487
24.0571575479482,40.8264706173429,13.7822718497625,34.3332295758033
21.9052954607521,31.9320439552417,12.9378868049559,30.873393709493
26.5357513427734,50.0787496566772,17.2797496318817,35.7925004959106
17.956113325957,20.5077398228569,11.2555090591068,24.6580379235957
21.1700010299683,32.9347505569458,12.5902500152588,29.750500202179
24.7282460955078,45.0717348403185,15.346529284363,34.1106392954883
23.892334540685,45.6533540089925,13.9157708585262,33.8698123296102
24.0807011127472,37.9162000179291,16.3755499839783,31.786774969101
19.4872011184692,30.4538001060486,10.6797000408173,28.2955001831055
20.4986597489192,38.8608217381874,9.16669464758847,31.8314757887531
22.3422591518822,46.579802672276,10.2634123832375,34.4221054278154
13.9757605358107,18.8914855711576,6.90894243812302,21.0433959700944
26.9718766212463,46.7717499732971,19.9407501220703,34.0041246414185
14.7611150961229,18.7162917896559,7.43580314215931,22.087181102058
21.8802217795134,43.9414263857053,10.5290017453456,33.2323097324808
20.8428454545378,36.8277834158609,10.6850511033778,31.0011940444719
14.1285429466376,18.6763929574217,7.13657130274661,21.1213725616567
18.0351119400264,24.6602832740708,10.7455454608323,25.3261545393089
22.1560772027067,38.4824359715633,11.2107270646806,33.1023997489239
24.2598962387432,47.9369404298163,13.770371023092,34.7500157379753
12.9778196240451,14.5023503717919,6.43779976312964,19.5185354419618
21.2544136303684,26.4890675418927,14.4645780109543,28.0451517649334
20.0398773214544,32.7054481391075,12.2930348762602,27.7876856726584
22.4707341302167,29.8351257721941,13.8267794489748,31.1157068144001
15.6548252050821,30.0486848002157,5.07935962671169,26.2310084858352
20.2107778559096,34.0430689428644,11.0086411637477,30.3765142852601
17.9506575727218,33.8228703077969,7.12014594872623,28.7820652072214
3.02090650523559,8.46004837156694,-3.87982297505855,9.48982356022561
21.4700175500101,28.731031063861,13.8440643429594,29.096968104644
23.0043027806303,41.9895830247847,13.4413040679749,32.5687934790108
22.576038576454,44.0090004395554,12.2864734782669,32.866601453375
28.5836372864946,61.2858571083135,18.1243606527255,39.0435843097733
27.3138824353226,62.8472330404998,14.8541661928979,39.7749713200203
0.516755186766217,3.24525814091106,-3.65693527318159,4.69167023520376
23.6229712180787,35.3902509479643,16.425519257545,31.5143614165586
21.6726339645375,37.7127332960838,11.9338649602777,31.4125796454557
23.6897374933416,50.1904408454895,12.313390900872,35.0671408913352
26.5617127968715,49.3858652665065,18.4112019630579,34.7131826327397
24.0941641227059,44.0714781595313,15.9945435523987,32.1948477081631
26.2542156491961,51.5426071711949,17.4114822660174,35.0976965427399
23.9709476402828,51.9318752288818,13.0585893222264,34.8844462803432
24.4827511127178,44.0299232189472,16.0604229523585,32.9062113761902
24.194651222229,50.4675753593445,12.5761499643326,35.8139253139496
28.3748010635376,49.7564500808716,20.2231499671936,36.5274503707886
25.1698760986328,43.8351249694824,18.1300001144409,32.2103748321533
25.1863763332367,53.5482497215271,14.8176249265671,35.5562496185303
27.1383759975433,59.4015002250671,16.6341248750687,37.6436252593994
26.9458827079206,41.2078557448516,17.8515857438778,36.0417103238582
27.3308014093589,50.9766983989484,18.6096853696508,36.0530971192463
27.3925201679676,40.8810827524941,20.5132890381146,34.2729031630017
29.2118993144164,53.9226046036796,19.5814755702567,38.5565707626149
27.8115617802862,48.3403107854157,19.8108854192851,35.8132041545003
26.7813706109661,50.9528332160879,15.6252747915651,37.9382148262869
24.9390970833259,49.9841517515251,15.3418955571577,34.5372956118789
26.3001955958015,56.9254619572814,13.7551835957346,38.8466921483053
20.0961117419262,25.3438464569065,15.0717339784306,25.1210066368734
19.786571711378,32.3500922201932,11.2087868206296,28.3647984488065
27.1360011100769,52.907000541687,18.1164994239807,36.1562509536743
23.2584263563274,31.8013567439477,15.5620257785644,30.9555930169629
25.153463078972,44.111646925835,13.3432786090616,36.964396316457
18.2821508407593,27.7128999710083,10.1465500354767,26.4185503005981
27.4293346405029,56.0974162419637,17.560666958491,37.2986666361491
22.1212508678436,29.7698755264282,15.0650000572205,29.1780002117157
29.3423737537329,65.1635680559711,18.9524104615086,39.7331917261386
NaN,NaN,NaN,NaN
12.173875451088,16.3906251192093,6.74374994635582,17.6050623059273
27.3558762073517,58.7483749389648,15.6431250572205,39.0700001716614
22.2974431460953,33.2811876933891,13.5542985905582,31.0412924784437
18.2601647239886,33.0228270136883,8.38002175203107,28.1412750583293
28.2715179672683,52.3555283581335,20.4629295215497,36.0809506942919
25.3523908891735,43.2420668651036,16.2897215112119,34.4162054285295
25.0975844473789,47.4681498151045,14.6134187372426,35.5826247479583
26.8355554758127,56.9786035071224,16.82526913806,36.8465311834092
23.7431879953716,35.804488992845,15.8659999298746,31.621222830234
22.3688287816078,38.1070490481015,13.4007500168924,31.3379134123964
21.52074014456,34.7665170736521,12.3212233706012,30.7208489693363
18.7712958765711,20.4929410911704,11.4357763393502,26.1076960747708
15.0521126108908,19.0096864149446,7.75056392804995,22.3544691712265
19.4395008087158,23.8324995040894,11.4914999008179,27.3882503509521
27.0642365843559,52.7602559363934,17.3699805025071,36.7589903937906
22.93439494601,34.7051878505902,13.4882802679534,32.3815073604793
21.1133760213852,37.4389375448227,12.0095623731613,30.2181253433228
23.545251250267,40.6536871194839,15.5661249756813,31.5254373550415
25.8712513446808,43.3406248092651,18.1037502288818,33.6394994258881
17.9621258974075,28.854875266552,8.54493755102158,27.3801877498627
17.075010086143,11.0751823870808,13.7285789567004,20.422425455676
26.258292101484,46.2507810930047,18.1836078280793,34.3337657196705
24.642272530417,41.5283721641583,16.4805408958863,32.8052471744939
26.6379325585974,44.9084932010824,18.3182288176293,34.9587906498574
16.2275226187047,28.3224529404878,6.21097585353979,26.2448687538419
21.5204270843028,38.7212903463621,11.7948961533529,31.2472860048782
21.6026478635436,42.4632032645461,11.9870199101092,31.2194658487318
25.2580721135212,42.2637586665319,15.4753123386145,35.0419539702343
19.4277510643005,16.518000125885,13.7655000686646,25.0914998054504
19.0753697775241,31.1622516113146,9.68287724632517,28.4689677360716
25.6025013923645,45.7290000915527,14.6537499427795,36.5520000457764
24.4432511329651,40.6905012130737,17.7355003356934,31.151750087738
28.2857787241702,47.595893841754,20.585529329062,35.9872361222864
26.332473272066,49.294610212198,16.9217841075046,35.7445080959605
16.9933760166168,25.9623746871948,7.658999979496,26.328250169754
22.0860315938384,30.652869812987,14.2343835068593,29.9385022928186
9.71845928813392,19.3682666768005,-0.78266854691759,20.2206908500676
22.9720724310194,39.2746249267033,15.7558213472366,30.1892322472164
20.417715208871,27.5560713836125,13.1958927767617,27.6406428473336
20.6515009403229,34.7103745937347,11.2371250391006,30.06725025177
29.8856957497581,63.3672959410654,20.5303120741119,39.2421385674746
19.1878905443478,27.9179516842431,11.6856799126033,26.6912138695167
24.6116409863438,48.4881897162502,14.9862797004442,34.238053569216
22.501946686903,44.472968101991,12.7019183907372,32.3032350876122
21.9761203300149,40.0935973761816,11.9659434861808,31.987211329775
25.7153074854266,48.7029467629833,15.8704351824919,35.5617293831852
21.469057491893,37.6753278640826,11.7545880717895,31.1842640468678
23.3228798143208,38.2894802124683,14.3104702149347,32.3364892577888
14.8617643911211,19.6093829344635,8.52164682546337,21.2026308155437
23.2685584833231,36.5633727922609,15.0896482077794,31.4484655397952
23.6289393423072,38.1664505082919,14.2122573645989,33.0464388975607
19.6266631772701,26.6511700858112,11.3852568451391,27.8698403736557
23.9425015449524,47.4737510681152,13.2969999313354,34.5892496109009
29.7766885757446,54.1133754253387,20.7538123130798,38.800562620163
27.006426905686,52.8217410736198,16.563286786207,37.4503415016285
3.26244411755963,9.7487987918196,-4.70857624511856,11.2337768329469
9.87650595106748,16.8434474537719,2.28496459872964,17.4689906533694
27.1672196264598,47.8244693807084,17.8208686632388,36.5144839597452
23.5093241670423,46.2700650130991,12.817406629909,34.2021575317651
23.28903160607,37.6281824554337,14.7761205931633,31.8031099063078
21.3111284810723,32.2576044167433,12.437344852223,30.1853930601501
25.6140012741089,46.443000793457,15.8414998054504,35.3879995346069
24.7563052564054,42.780256735312,17.0498783008472,32.4636892370276
25.0050370012011,32.3670356954847,19.1542321784156,30.8567679609571
18.774607862745,28.3842856543405,11.2223571028028,26.3278929165431
24.4735636711121,32.2742503881454,18.0534374713898,30.8949998617172
13.6531672477722,20.921583255132,8.24199998378754,19.0654167334239
17.5704174836477,20.5856668949127,11.2121666272481,23.9296668370565
29.0718288758157,41.775656716582,22.7047723072032,35.439640536532
25.0593379551164,38.39563251213,16.4169596264721,33.7025172015269
22.7205009460449,39.5209989547729,13.188000202179,32.253999710083
23.6160706554882,39.4928601266114,15.2672049647025,31.9666782199031
27.632437623882,55.0008480860799,17.5487890644011,37.7169144341626
15.534590110055,22.2339850490279,7.5318416311993,23.5381144517146
17.2465884474283,29.4549227883151,9.91939082622931,24.5745354404497
26.4767335541802,30.6834895478514,19.5684777971827,33.3857941469005
21.5212926599714,31.9945000012716,14.2520416975021,28.7915279070536
27.8669654982431,61.2720003809248,18.8194999694824,36.91528572355
24.9492514133453,52.6342492103577,15.0622497797012,34.8376247882843
18.9385919573472,29.2929515122398,10.5011438270859,27.3771300622653
14.6649074379666,28.0142445820227,3.65067919187939,25.6803809858603
25.9905016422272,49.435124874115,15.99899995327,35.9827499389648
25.8997104884711,46.2525768424185,15.6296806557359,36.1706366059817
26.0530432485192,50.1431191745034,14.9061528886383,37.2006013659569
24.1013672186181,47.7407809976772,15.4962265671467,32.7070700295259
17.8829706094655,33.1369513519366,8.05479249794343,27.7123797517961
23.6877288414769,39.9178989461052,15.2819342373459,32.0945208257247
24.662425130884,42.5294115484772,15.0542925727523,34.2718402097858
20.0093762435989,30.7121135544703,11.0784781915573,28.9414840060804
23.4945125262503,40.9471094324141,14.2041435279674,32.7860098696566
23.1977510452271,42.2439994812012,13.0435001850128,33.352499961853
18.4315009117126,37.6327495574951,6.7039999961853,30.1600003242493
26.2834535510172,56.3058109938241,13.5557538593781,39.0119019642421
23.9358791099094,43.4717012237204,14.6617065794682,33.2112031720533
27.3483965468777,52.3668136706939,17.3130649772079,37.3848505331357
17.4717386757455,25.3224511611752,8.59013413219917,26.354341442992
17.8134413446699,27.7216546421959,8.40705955880029,27.220857097989
17.2957715789477,23.7666457295418,9.72704162200292,24.8652502298355
18.5125778271602,28.6468462210435,11.7830768365126,25.2431923792912
17.519594669342,23.7754686176777,10.6012499630451,24.4389063119888
19.336834192276,23.5022084712982,12.3247499863307,26.3498748938243
21.7813009262085,31.0324000835419,15.3626000881195,28.2009498596191
19.8420009613037,31.3781249523163,12.0605001449585,27.624874830246
10.6400003830592,15.8330834706624,4.16716669003169,17.1134169896444
17.9200006723404,21.1013751029968,11.3816249370575,24.4590001106262
22.3568532199337,33.2018682370616,16.2037790763048,28.5106126515829
14.2344551090611,13.9249510584892,9.33334613621994,19.1367976689469
9.43972295051815,17.4143910906723,1.66323858402344,17.217279467209
19.0563606336984,20.0149650453847,14.0773445855623,24.0363846042822
20.4750765174122,28.7915936407597,14.2556517762918,26.6956456275537
31.3672486660379,62.5965261139072,22.6543904824607,40.0813410215715
15.9063763061686,20.0435270415291,8.03267546143101,23.7809576831827
18.1411665805374,31.6642959256462,8.21227467683167,28.071415052801
12.2063005214331,16.7365032466779,6.10494474400885,18.3090031776719
24.3030242048375,41.0942279508119,16.5011120958918,32.106642810694
19.0555007457733,27.2422499656677,12.8825001716614,25.2292504310608
28.8517324893768,67.5958852109449,17.1501644436463,40.5540689331382
21.3047584581738,33.949392383346,12.697647193178,29.9131166592381
20.3275008201599,29.0977501869202,14.6199998855591,26.0355000495911
20.0639088080241,29.319264994397,12.1551790845586,27.9735956901505
15.9368627561751,22.5932180512403,8.65146945006194,23.2230011809542
18.4103607550325,31.2143025778501,8.42123704109239,28.4002443563978
19.8520011901855,30.3270001411438,12.7309997081757,26.9744997024536
25.6084262132645,47.2571250677109,17.5003312110901,33.7174937367439
15.7550006707509,27.5264444616106,5.92823612027698,25.5827639367845
23.4502978920937,34.57828104496,16.1899844706059,30.7114689052105
17.4873258590698,28.3168499469757,8.87612501382828,26.0995249271393
21.8461573123932,36.3332810401917,13.9503437280655,29.7430936098099
23.5212233861287,39.6234164767795,14.7404444482591,32.303166548411
17.8678937298911,30.7415715626308,8.07110714912415,27.6658569744655
18.1969590981801,31.9554580052694,8.185666680336,28.2091666857402
18.1360008375985,32.8800717762538,7.63596430846623,28.6369644573757
17.6039384007454,32.5805622935295,6.7457187846303,28.4632812738419
22.3257093429565,40.1117916107178,13.2959166765213,31.3564585049947
17.9846674601237,32.6471667289734,6.90033328533173,29.0700833002726
19.6648755073547,34.727249622345,9.55775016546249,29.7728750705719
15.7277787064304,29.6727166145484,3.59861652106232,27.8579749166209
21.402041774702,33.0558234891869,13.485198393623,29.3197299125287
26.215365166279,55.52204591092,15.8128308006983,36.6187863391355
23.9713764190674,48.2147493362427,13.5458750724792,34.3975005149841
21.3538253765369,35.9580269471407,12.8943508489954,29.814138922589
18.7178197139121,38.7422423467742,7.00255244068796,30.4342763392447
16.0804792201825,23.4974771896574,6.91138698497017,25.2508195179881
21.6077354834295,42.1281521936328,10.9136105854699,32.3031604339397
21.626896827101,37.3697535430564,12.7026316064407,30.5521963257614
26.7013922911254,56.4916889163108,15.831107032686,37.5729409416994
22.5127515808509,36.9266092711914,14.2627036397472,30.7642510765583
24.2815179599106,54.9065823005425,11.8143797882545,36.749735864386
17.4435962721153,22.9753179939505,9.57323134231142,25.3151998832224
20.1925010681152,32.5234994888306,11.734500169754,28.65149974823
26.5702067346995,52.75730883377,16.5201847427067,36.620730868585
24.1649663420084,43.161010437507,15.791516209698,32.5391817890049
27.4967249248719,60.9592830863103,15.5837738737708,39.4104392040044
25.386165974238,52.4179295431329,15.6498337900946,35.1234819663794
19.8454009056091,27.9368498325348,12.0402500629425,27.651699924469
13.8967505693436,20.4336248636246,7.31587493419647,20.4789999723434
17.3995009263357,22.7416665554047,10.8991666237513,23.9006668726603
20.0341758401541,20.3254981615244,14.755865164651,25.3136046562442
17.9015231528875,30.0646933013028,9.87202740364783,25.9319158094098
14.8965553712802,15.938610346721,9.1914058328756,20.6027072360402
16.1325008869171,21.9272496700287,8.5110000371933,23.7550001144409
11.2965008020401,12.899749994278,5.90075016021729,16.6932501792908
19.5944767108867,33.7357079065024,10.7375121024725,28.4532604560468
20.6835012435913,30.3259997367859,13.1067500114441,28.2614998817444
24.1055006980896,41.7046246528625,14.8862500190735,33.3259994983673
18.3468340237935,22.4321667353312,11.9485001564026,24.7462498346965
25.7757513523102,47.1721253395081,16.9918748140335,34.560375213623
25.7700352240031,45.7162082753204,17.244626428531,34.2965503814533
23.627717013575,46.003442889626,12.4129047991491,34.8435282018473
21.104228057052,37.7096480442993,11.0760920449925,31.1334821532292
17.0989176467919,13.8820981631401,13.5032859008118,20.6955464486675
27.1417512893677,47.8502492904663,19.3582501411438,34.9264993667603
27.1250438170607,47.1452065656145,20.2836348998588,33.9669393677572
22.7066361968582,30.1998379037187,16.7394932411812,28.6748108090581
22.3804512023926,29.7619998931885,13.9889999866486,30.7730500221252
18.3808664560174,19.0987181995593,11.9317835853777,24.8310438355264
14.8336255550385,27.5662498474121,5.82637497782707,23.841625213623
25.7840621217772,51.3408507515661,15.737850686792,35.8315953351125
24.9795363579655,31.9456270463005,18.9677421137273,30.9924546566471
26.4499405332829,49.6324467343692,18.2584578782659,34.642171487703
29.7950728233075,62.2269571058599,21.0862004185139,38.5044570906857
15.6837919282809,9.75095842538996,10.2293970899347,21.1392693673409
24.1400012969971,44.0192499160767,13.6427500247955,34.6380009651184
24.410122152953,41.9182341460295,15.9400111900515,32.8812446291735
27.1750011444092,49.9290008544922,18.8607497215271,35.4902505874634
24.0995011329651,41.5500001907349,15.9905002117157,32.2089996337891
18.561738959732,24.6445968446392,10.2753180382496,26.8493977715256
23.0205855495326,40.7397483612501,12.572380988594,33.4698772523226
20.0319231222947,30.4609470533935,11.2547836808168,28.8096626260483
23.6817512512207,39.1604986190796,14.917750120163,32.4470000267029
24.3276257514954,42.1755003929138,16.1317498683929,32.5243759155273
17.0793597675102,25.070780824801,8.84466576799195,25.3149271375865
22.698343112101,35.760985206758,14.4705625925353,30.9276289235057
23.2102374635496,44.6703152481497,13.2137241184592,33.2076371949843
17.810957787137,16.3082815086568,11.7225205767669,23.9006155908617
26.6929729939034,40.8456032323047,18.1963302641666,35.1905002633038
15.5893197753915,17.2180093431857,9.09690156046929,22.082649238672
26.2247700449471,47.3545885198903,16.4779393031868,35.9727232439977
23.7039960454568,42.0739603534833,14.4292553979286,32.9794793633532
27.3422757447859,52.2885712842216,17.438460876138,37.247450653931
25.3834384679794,44.7855625152588,16.3154375553131,34.4524375200272
22.9296073233267,35.5593526765928,14.7360114804055,31.124068515513
21.2697473463105,40.9284035774324,10.2657366425939,32.2747584572211
27.7991696476952,51.3088697751403,18.1695908698918,37.4299932557844
14.5202507972717,20.0417504310608,5.18624997138977,23.8550000190735
23.9206860619328,41.227451500147,13.9270037427194,33.9149810060008
24.7287511825562,49.5517501831055,13.28125,36.1774988174438
11.3050971212266,18.523096638263,3.03925089471677,19.571543251969
25.1605019569397,41.9217500686646,15.7737500667572,34.5475006103516
27.0149655342102,45.4497857775007,18.8482499803816,35.1825716836112
26.4210636615753,49.1438128948212,17.3223125934601,35.5206878185272
21.1478762626648,38.780499458313,12.2548750638962,30.0416247844696
22.7195392633719,38.1224172107393,13.7056131291601,31.7343327114531
23.3739571874249,46.6393528488083,13.2760761021936,33.472704122332
15.7094290577835,23.6923290874305,7.91187828241213,23.507914163267
22.5977681573206,35.1061304426009,15.4270965822209,29.7696878198855
31.3790016174316,65.5917520523071,23.1809997558594,39.5780000686646
26.3188737069507,32.1301066404013,18.6375189938497,34.0014876609211
22.9363809457784,41.1797682878571,13.2958838221597,32.5782799028013
30.2489171838936,58.046301486844,19.9253776288279,40.5734528517829
27.2479292736135,52.1887383245426,18.2115855398591,36.2855199365367
25.0232926158267,52.4708031669752,14.503095551268,35.5444885776374
14.5540006160736,21.9269995689392,5.66974985599518,23.4390001296997
21.0340947508812,31.8333280086517,13.5376405864954,28.5316562056541
21.3049386342367,35.8120832443237,11.9985207716624,30.6123959620794
22.5144698023796,34.546093583107,14.7524062395096,30.2775002121925
28.9060430526733,52.164500395457,20.64608335495,37.1669583320618
24.3137927850088,41.9366669654846,15.2725832859675,33.35600010554
19.8228708824267,39.3249614773258,8.24366344941591,31.4027484366656
26.1715466465489,46.786209749899,17.6484617538557,34.6956726819704
24.8082513809204,52.6125001907349,12.9522500038147,36.6655006408691
23.7003893923697,38.1197523847545,16.2718582684836,31.1295799488176
26.9255744157091,45.7847179201525,18.9889116527738,34.8634644235643
26.9495479023915,50.1652373501093,17.754240350825,36.1458863270339
21.2009215432157,31.9222943672152,12.7856279309069,29.6169630746071
19.8077511787415,29.0739998817444,11.115749835968,28.5014996528625
25.1457509994507,50.8282499313354,15.051500082016,35.2410001754761
16.9300010204315,37.1154999732971,4.14024996757507,29.7202501296997
31.2078348795573,51.1049995422363,24.9969166119893,37.4194170633952
23.1336262226105,48.7864999771118,11.5181250572205,34.7506248950958
29.9115014076233,52.1643753051758,21.6007497310638,38.2231254577637
23.3583795749467,45.9710975282965,12.6283554554857,34.0891395519423
27.2991544287596,47.5305182384828,18.6153306566772,35.9844246316139
17.3364295278553,28.7229663026084,6.93497426533017,27.7388378011087
22.1429814318171,42.484371800759,10.8976150259856,33.3895965933082
25.7957887817637,48.7400603254545,16.9564537543206,34.6365407655249
17.3888483247639,29.8127667054283,8.98976523007527,25.7889395816392
23.1960010528564,27.94225025177,16.7512497901917,29.6417503356934
16.5087502002716,14.4392499923706,11.1839997768402,21.8347501754761
22.0406582509318,40.4579678427789,13.2269717608729,30.8553105169727
24.2088226590838,44.3579284123012,14.1729999950954,34.245571408953
22.725901222229,37.0757503509521,14.3020999908447,31.1506503105164
25.9298763275146,47.5963752269745,17.2607499361038,34.5996253490448
21.0934539410134,28.891217345948,13.9447521506611,28.2428781556363
23.8351212991474,38.698898820507,15.4250624089763,32.2462157798726
14.1715006828308,18.0937497615814,7.97650015354156,20.3677496910095
28.6805695483317,62.7170662499443,17.053053894347,40.3093114360319
27.5830011367798,48.2109994888306,18.7074999809265,36.45924949646
19.2289470845701,34.1723090564908,8.55053937431452,29.9078469053524
20.4611916811046,42.4361872205789,9.30156310478306,31.6219051909611
11.8840003013611,15.8454999923706,6.15474998950958,17.6140003204346
18.0064972341011,22.053776405682,10.8194960689967,25.1945167612064
25.6777283021505,49.4584666640711,15.5184676755582,35.8372477272739
17.1605508804321,20.6812498569489,11.2181499481201,23.1039000511169
22.8399176597595,31.705416560173,15.8719582557678,29.8089164098104
16.5210427840551,12.4271251360575,11.5220832824707,21.5211666425069
24.0915511131287,43.5437501907349,15.9515501022339,32.2324999809265
20.0561693766675,34.7477473283846,10.5862600643192,29.5273629848308
20.0349564512675,19.850213253687,14.5191382953118,25.5517725908811
15.7118348104629,16.2761502814853,9.59277307965505,21.8319000188824
22.0284898313192,29.0699857845343,14.2141584049884,29.8435480471629
22.782751083374,39.933500289917,14.3447496891022,31.2217502593994
26.2527521337334,42.0979396125832,19.2357718277204,33.2704577871849
23.5581929658934,36.0422869375734,15.0100367165423,32.1074790757233
12.4437854293629,20.9195807841133,4.71975277489045,20.1683216340523
26.5374888237473,40.1764169234856,18.337075804189,34.7392687699836
22.5351462671834,33.3676129310362,15.0206290137383,30.0507418724798
22.3553656538328,37.7190624674161,14.5585416605075,30.1531146764755
25.476188659668,50.1660934686661,15.4948438405991,35.458624958992
23.8768874948675,37.5542500235818,16.7090227820657,31.0459088412198
26.3543070157369,48.464583184984,17.8814443217383,34.8282222747803
24.7601122326321,42.5704167683919,16.7252223226759,32.7962498664856
24.7362511952718,46.2668333053589,14.8761668205261,34.5973339080811
24.7930008373447,42.1887115078492,14.252213904055,35.3344991417464
21.0759252201694,27.4657279999207,14.3563054551352,27.7961758734478
24.2610491905147,41.0861069129408,14.5570049433289,33.9660585392606
22.6213762760162,34.0571253299713,14.3224999904633,30.9212498664856
26.9311641956979,51.2529332623832,17.960302775451,35.9030709618657
20.2794439762738,39.2777285389048,9.08168030718593,31.4779560412815
21.6133363307686,38.7635392320511,11.5854806550528,31.642220197192
24.2442236507055,39.352739503634,16.3792522861153,32.1099843425594
23.2625352030757,52.0019113392688,10.6888102584713,35.8370083488864
25.7740151599033,49.4605584619925,16.7321565565329,34.8170837572996
25.3541478268865,46.3833788429339,16.0184266995036,34.6903780601044
23.6912512779236,43.3037490844727,14.3532500267029,33.0297503471375
22.0341260433197,33.7501871585846,14.879499912262,29.1899373531342
23.0278100788916,37.0766988463826,15.4279508656369,30.6289665811683
24.110118493743,45.043997506914,14.8823713973439,33.3389975232508
22.5930971464419,37.023010932901,14.2314471494193,30.956143120082
15.3087707160355,20.2428520625115,8.90580533705591,21.7124907590199
20.6065220147366,32.3608533023945,13.0969607416152,28.1168862936284
18.3632773231006,27.9442298522947,12.1338515543318,24.5935090995572
22.9299801935954,33.8617056001917,16.2796434718392,29.5808371678923
18.4338614209106,21.7622759639809,12.5212390194169,24.3474976543122
26.7329785727897,37.3810465811385,20.6412019389101,32.8259978787942
20.8642530453667,33.6282481500238,13.177022716369,28.5518453352861
20.6730811094221,29.2093318984836,14.9471228658998,26.4003629074788
27.5452178955078,56.8016498565674,18.2717500209808,36.8195501009623
25.003720074892,50.5987656116486,15.5587499886751,34.4498126208782
25.0263622072008,45.2802778349982,16.3068055444294,33.746889061398
21.6402353942394,39.3174217641354,12.2922344356775,30.9892812073231
21.4845841328303,39.271541595459,12.0343749523163,30.9359165827433
16.1061673959096,29.6857501665751,6.23158331712087,25.9818329811096
19.3885842959086,32.8276664415995,9.61174992720286,29.1664169629415
21.8526258468628,42.5811257362366,11.3873748779297,32.3190004825592
21.3720012903214,42.8053748607635,10.3356875479221,32.4091252088547
21.015834013621,44.9838325182597,8.85875002543131,33.1735000610352
21.3573756217957,42.4326248168945,10.1555001139641,32.560250043869
25.1235846510806,40.1632079735093,16.2311446149658,34.0170228927872
9.2888539033835,16.5992238601694,2.12314339947883,16.4555584325544
21.1082762332949,43.7280054606318,9.44020577629425,32.7773611864131
21.0153155263872,26.7058909380882,14.1214732072594,27.9102221787231
22.698030206963,48.411776209552,11.0396814021367,34.3573131463058
26.0718013443473,45.2077330027319,18.2817070607296,33.8630834868626
21.3437650743886,38.9258021850127,11.7409773835702,30.9475672742552
15.8544159328447,18.5918524714657,8.9277343567391,22.7820963814611
27.7634922221162,61.0523601636826,17.7290657654557,37.7989177727327
26.6307780924895,56.4717163979233,16.3207538153375,36.9414374457058
23.8316220429484,47.7418850880003,12.7225583346887,34.9416280918623
19.8734476294462,29.7822475528575,10.6508540825624,29.097030984704
22.5285860072982,33.7763535887959,14.0292989482838,31.0289056863174
7.33586625106185,14.0230995016621,-0.279982578991205,14.9526380458552
22.8091750682492,48.9766662080933,11.0539927745659,34.5653578890062
17.040750673839,24.2217141219548,10.0090001140322,24.0735000201634
21.0354033213381,36.9089215322372,11.4978726400168,30.5737783937092
22.3049773883905,37.0796968016381,12.4321836782507,32.1783696946556
24.9505649126658,63.7153344713333,11.2700182208876,38.6319025179559
12.4584514495909,9.11879306414532,7.90611260764863,17.0117939233221
19.2915005683899,31.8264989852905,11.0182499885559,27.5655002593994
24.8124273788318,40.9751416318748,16.2510470615514,33.3750641447504
20.1218973850382,27.1387845565533,12.9167585290711,27.3280948277177
22.3435010910034,41.0176668696933,13.5818055735694,31.106166627672
25.5699110163093,50.380713955192,15.0730440961599,36.0675642482697
25.5692512989044,46.6628746986389,16.8006247282028,34.3388752937317
19.402965913989,25.0154196273957,13.5134925469198,25.2932198400985
11.9814826160802,14.5681969489723,5.40328401453835,18.5603258560071
24.2202986603496,42.4856423453989,14.536508674333,33.9053126827354
28.9460049145717,61.0662282637935,19.0444424169136,38.8486347440225
31.5093935637622,64.5418828553859,22.8657921666863,40.1539502877753
21.865991594657,29.0425010443233,14.9169023219284,28.8158335896134
25.1316125344991,49.5677721161602,15.5544565933646,34.7099638956025
19.5315439601758,34.2980418826696,10.8140754897728,28.2500950931753
26.3604008702988,54.3861343355495,14.7018891443647,38.0196122493231
22.5112517014513,36.085348186574,13.417136516332,31.6060377481106
26.3305902526948,40.4963844274717,19.961920331851,32.7004923880086
27.9547514915466,58.4820003509521,17.9125003814697,37.998498916626
25.0222510761685,45.2829721238878,16.5227221912808,33.5226668781704
26.7310011863709,48.8437000274658,19.4725500106812,33.9904750823975
26.7099298749651,50.354357446943,17.2763571398599,36.1445002555847
24.9709655897958,50.4510713304792,14.3413214683533,35.6015357971191
NaN,NaN,NaN,NaN
24.635751247406,36.6180000305176,17.6336250305176,31.6387495994568
19.2649464774445,36.3648849425535,8.09411041617162,30.4369344094056
15.36048062487,8.26604533687497,11.8305240741062,18.8916990107182
24.5155244710279,41.9508851219981,16.9618409152683,32.0701253879446
22.5431907957088,33.7688156030784,14.9750628121091,30.1122957118135
22.1421877343987,28.4683719252302,14.3490356961248,29.9360527302427
22.6030011337831,30.5545158142598,14.4007857996662,30.8067106764464
21.2336157711219,33.0876286101683,13.0805429086409,29.387841050193
22.7622513771057,39.1767501831055,14.0327498912811,31.4932503700256
20.0813065105014,33.4050833384196,9.7315554883745,30.4323330455356
21.9623760581017,32.7386563420296,14.4759062230587,29.4496562480927
26.4968821434748,47.3965476353963,17.4970118545351,35.4977381115868
20.0594342549642,33.1264002164205,11.688100028038,28.4317831993103
19.7237054217945,33.4022498564287,11.0808637358926,28.3674999583851
20.2830321788788,35.5455937385559,11.191250026226,29.3758123517036
26.5575013756752,42.3196874260902,19.9654061794281,33.1507186293602
16.2562279701233,31.3119319135492,5.25193176486275,27.2614092393355
24.2095011605157,34.2899445957608,17.6379165914324,30.7820555898878
25.6646885871887,50.5036246776581,16.0769376158714,35.2535622119904
19.4057508707047,31.5320001840591,10.7693123817444,28.0431251525879
25.0101677576701,43.7400000890096,16.2771667639414,33.7440835634867
21.3587510585785,34.7903745174408,12.881000161171,29.8372497558594
20.5621259212494,32.8937499523163,12.5942500829697,28.530749797821
18.4206259250641,27.5175001621246,9.93525016307831,26.9066250324249
26.9308762550354,43.0394997596741,19.1838753223419,34.6788749694824
21.7466652383853,33.1635353581498,13.8410819288534,29.6532348733887
29.5505711938203,55.3643406788213,21.600147912387,37.502062824671
24.1521063344457,41.6958602602362,14.0082813909117,34.2967612469092
16.9484299403524,33.5114536943218,6.0003658866293,27.8973540783917
26.8595660252643,51.5292094405858,16.8155181970047,36.9044893299537
28.3850195589243,45.4933769975105,21.7072963344385,35.0631106611652
18.5590296103733,28.9416898074054,10.3858249060602,26.7330774560563
19.9414931823648,32.4895506312484,11.6002691541843,28.2840070570782
30.2607364562197,57.3075036699396,21.8957020391414,38.6263221416538
30.8583202402286,67.6291688256612,20.9839744528732,40.7336053691336
25.5818845129152,40.9635046136183,17.6046911334021,33.5600766749803
17.3297085830749,24.6971988770699,11.1148477038917,23.5455668273331
14.8785761254174,20.2711269893343,7.78826191595622,21.9698253964621
27.5299385786057,44.8910000324249,20.4360624551773,34.6249377727509
15.0107507705688,19.2056665420532,9.05533345540365,20.9670834541321
23.2827506065369,39.1189999580383,14.8098747730255,31.7568745613098
31.9373079339944,59.8564083656966,23.9488399337686,39.9268564555136
15.3202506303787,20.8657500743866,8.64687496423721,21.9949996471405
14.8482828148938,19.822446369379,8.20062632597154,21.496979814405
32.8844724056695,67.6775959869876,24.8234590444753,40.9463654648168
17.7939156730143,20.8246121815842,11.0930933668069,24.4958978449163
16.9306902020804,17.9578223232404,11.1811699343366,22.6811880727073
24.064706968485,51.240392629818,10.7319710178771,37.3981762878099
19.1134038594002,25.5009241270483,12.1661153963538,26.0614809771451
28.1870007514954,50.0829992294312,22.1437497138977,34.2310004234314
25.5712653735005,38.407591261386,17.1518306604032,33.9917701381583
21.1127858099758,11.1881929549363,14.7745108413685,27.4524189619496
28.7285130939009,53.5431415760326,20.2889249164529,37.1688548428784
26.7374837915433,40.0023790757978,18.7192344123969,34.7564223892473
25.9526550283421,43.8678513544673,17.5369075331594,34.3693594561031
26.2789882366213,38.6126160411674,18.6487395635201,33.9104696002355
19.6948105787095,29.3492679417131,10.8115897307516,28.5791449844439
16.1268107902767,19.126394158736,10.762306659144,21.4920878366721
27.587671898362,69.3243634094408,14.0531174967746,41.1230020625156
26.6463493496223,35.5545445619383,20.3898506017453,32.9038460470352
27.3447035604135,37.9153382058364,19.8558443739295,34.8348136929948
15.7906492417774,23.2978779200889,9.87280609685759,21.7094509539835
27.5976032703356,54.8225376627058,16.9802223400288,38.2160488134215
28.7106639099121,52.4192249917984,20.6793525242805,36.7428601026535
27.5627736449242,46.8231116277831,19.5537142711026,35.5728660566466
16.3280702431997,24.345944431093,9.61706252230538,23.0400347444746
24.8606488487937,37.9260793599215,17.7804318016226,31.9418863816695
23.2685725348336,35.0053214572725,15.0923452717917,31.4457262130011
25.1969699263573,45.4804843664169,17.0525468438864,33.3423907160759
28.1172721385956,49.8169374465942,20.1103332440058,36.1251668135325
21.1565009593964,40.0762752532959,11.1497750282288,31.1642748832703
18.9242230521308,31.1509722603692,9.90388891432021,27.9456943405999
20.63121509552,33.7456428664071,12.3260357720511,28.9373571532113
18.9800508499145,35.9129501342773,8.31920008659363,29.6421496391296
24.0600011348724,44.2153749465942,14.0212498903275,34.0996251106262
18.6661263536516,20.265285485104,12.7298964250774,24.6034168231395
21.2657864227475,34.740435953628,11.696692312524,30.8359732869761
24.3369226950738,40.1935659983643,14.6720981123494,34.0026444427875
21.8224567348112,39.2787862736728,12.3730264976529,31.2728329358497
21.8336260318756,41.3769993782043,10.8372498750687,32.8309996128082
21.9369936620506,45.5612477466549,10.1982542775937,33.6764170375351
28.6482974946664,54.9164793694558,20.1482532671238,37.1494968184692
27.846429514418,52.9116340652914,19.0965217511868,36.5974624437843
26.1877512931824,44.606499671936,16.3397500514984,36.0360012054443
17.4668900177258,20.2280888346865,10.1070270599578,24.8278356844027
20.8001737285443,39.8967372381926,10.0966388238529,31.5045958683964
28.7949871068239,55.245455489419,20.3514947346791,37.2399671155995
18.6596741803593,30.1805048346444,9.57347148678071,27.7463903273096
26.9711910190101,54.0350945394026,17.0849458869436,36.8587280426842
23.2423513862484,29.79635109774,15.7786966800457,30.7076954467082
25.7032751616159,46.5948268077645,15.5896968595623,35.8173742940546
16.9791371307018,31.0986871824312,7.69846767181905,26.2608039890948
28.814501285553,57.2007503509521,20.0940003395081,37.5350008010864
18.817388343811,18.605799895525,13.270537519455,24.3651874542236
28.9031016349792,47.2095001220703,21.3020000457764,36.5050500869751
25.0068345069885,36.5901665687561,17.9070833524068,32.1074999173482
17.2519997538477,16.4925482908117,10.466565437864,24.038813150614
22.2700361439018,38.2087976000905,13.1900036243145,31.3510809584634
21.0157469145535,34.3983830005694,12.9586017420464,29.0741378153085
21.5497508049011,34.9207501411438,12.0337500572205,31.0665001869202
26.8922514915466,36.0920000076294,18.9997501373291,34.7857503890991
NaN,NaN,NaN,NaN
25.5018592905154,31.2278864473813,17.7964113794323,33.209232742954
19.7142658632781,38.5616340026309,7.47713827182002,31.9522136933249
18.1104638122377,24.0559286560331,10.5314166545868,25.6896190643311
19.4356459208897,30.9788749899183,10.8936786396163,27.977714232036
14.1273233691664,23.2532621947473,4.71676252636038,23.5380055213604
21.6538619995117,32.6942501068115,13.2607500553131,30.047000169754
18.3807573062657,35.3463754998869,7.26232539474467,29.4992405797068
25.1357532498059,38.0090743010514,17.0692953298057,33.2022626880742
21.4912533448906,27.2651617552836,13.732749531246,29.2498842741
14.5179373025894,21.3806247711182,7.06262499094009,21.9733748435974
21.7414909998576,32.3722502390544,14.5033333301544,28.9797499974569
22.4552490711212,37.5885002613068,15.0278749465942,29.8827495574951
13.7110323840493,13.8714610198583,8.56177221519469,18.8604199552017
27.8595832472838,37.7897231972379,21.0457684978789,34.6734921323312
16.9860778869114,24.8324073131265,9.45485782414426,24.5173750792319
20.5661682887294,30.9059192961107,10.614698619311,30.5177491235554
21.6249368593438,38.6195625325667,12.8033532327751,30.4465719980208
28.3918237686157,48.2167501449585,19.8629999160767,36.920750617981
16.2390647476557,22.1458726440439,10.6915268335213,21.7873571199905
24.059816862516,38.3553956130861,17.7881867641405,30.3315555684825
17.4888374527086,26.7574328997591,9.93024913478662,25.0474893455782
19.4867831283672,21.7054303702907,11.4656321795579,27.5080048142753
19.6804366368182,28.8842399539559,11.6522270244808,27.7087418508353
25.337959154129,42.559334980011,17.3653570194244,33.310663974762
30.1791210277106,51.2554893544925,23.5195618393601,36.8387769268405
21.4878899273665,29.5308043438455,14.8404130546943,28.1354673841725
27.7336044660429,45.2660579739547,20.8372499564799,34.6300579803746
29.5244835581098,57.2624998910087,20.4965392964227,38.5525214876447
24.5853204350722,32.8554605559299,18.6492565870285,30.5214998973043
24.1454019913307,45.4025642077128,14.6675448784461,33.6233590199397
21.9540797826406,29.1175201390241,14.8508851270418,29.0573783822962
29.2725093629625,48.0520186424255,21.9876018100315,36.5575277540419
26.3937692140278,43.3003160702555,18.2653289217698,34.5222897027668
23.1133457899094,43.9580373764038,12.4654875516891,33.7612875938416
21.5464643029606,27.1554264461293,14.198132388732,28.8948970682481
22.573232283959,31.2020385081951,15.4446347309993,29.7019038933974
28.2085895171532,52.2410964232225,18.8997497741993,37.5175384374765
26.4865262905757,40.3355001608531,19.1635415752729,33.8096249103546
20.186051607132,37.1608751614889,10.0597083568573,30.3125000397364
23.4914244413376,35.741624891758,16.2801562845707,30.7027812600136
4.59141238282124,10.417333304882,-1.50345831209173,10.6863749921322
21.9826242923737,41.1019997596741,11.7583749294281,32.2070000171661
29.5510866641998,53.2038750648499,20.8032500743866,38.298999786377
5.87342961999388,10.2925363111351,-1.17857614156282,12.925541347216
25.3775934693528,44.739693158218,15.9008892395544,34.8544010656505
25.2480769854347,40.3279201296334,18.3740146247567,32.1222523426678
30.0660762183776,57.6124905070446,22.1873587016852,37.9448944422619
22.7688869123006,42.3041402167841,11.78908409597,33.7487912883713
31.1187514642646,61.4869279584078,22.7184175285133,39.5191858067286
28.0844554063164,56.6742607106051,17.748637526292,38.4204250803859
25.4581245947369,46.1061168652978,14.9630497664345,35.9532799991873
30.4872946069674,58.6310808661863,22.1386288423528,38.8360742000571
22.5839739780224,31.411453411164,14.9164934299033,30.2515064696394
23.1648244857788,45.4217491149902,12.9720001220703,33.357750415802
18.9496450929042,31.1075015476009,11.0093202088125,26.8900945241523
27.5684910526982,43.1886018293875,21.8746758920175,33.2624165746901
23.2097548378838,35.8846666018168,15.8068611621857,30.6127501593696
23.5042055845261,34.1137187480927,17.6121563017368,29.396343767643
23.8091742515564,31.1074502944946,18.9931998252869,28.6252501487732
24.6674867868423,34.6200623512268,17.3018125891685,32.0332498550415
17.096715927124,10.3485833803813,14.0871666272481,20.1063334147135
17.5513622760773,10.2022499442101,14.9453748464584,20.1574997901917
23.0091118812561,35.3086252212524,15.86412525177,30.1541254520416
18.5867479474673,25.6057552507574,13.5163802354744,23.6571979570769
27.9872741699219,42.6737494468689,23.3528747558594,32.6217503547668
24.9637061466689,31.8111879052002,18.9761190337111,30.9513888431048
24.154974228775,43.5866570632393,13.8990365013961,34.4110359051747
15.4400763698633,27.0002496869538,5.1614316612554,25.7188222639701
22.590884032536,36.7410757937291,13.8313656921229,31.3505441261885
14.8743852446156,27.4086901856629,5.47230599705227,24.27656878345
15.4509665844315,12.5140595484682,9.4347800821828,21.4672316686467
23.1619102409271,33.5113282369517,15.937857812368,30.3860144543402
25.3457978955143,38.4475308230896,18.0501311846561,32.6415216191351
25.4390419686394,46.1544863423215,17.1568340470519,33.7213864306357
25.1891889225353,44.2179134022106,16.6344186306,33.7440995909951
24.7954211411653,39.77236200262,17.4250504838096,32.1659306861736
21.9766686879672,32.2432521352401,14.9547707117521,28.9987089083745
22.0171126484871,32.6583334684372,14.4645696282387,29.5697930574417
25.3350493825715,42.582140215512,17.7196668674206,32.9505793143963
24.0011368989944,41.0683687726657,15.3084465662638,32.3612756530444
24.8238451377205,37.6619860400324,18.5514570422795,31.096382866735
26.5106409920586,42.7243337101407,20.0967105759515,32.9247060351902
20.4930054440218,30.6695535323199,12.1939070505254,28.7922493429745
21.8327620029449,36.1428198019663,13.8589245478312,30.0714167753855
31.3966495196025,64.7781982421875,22.3710330327352,41.0818335215251
21.1147992610931,29.8403112888336,15.1818619966507,27.0478618144989
26.7882985167595,50.7220036037753,17.821790300085,35.7549599848598
22.6493244966508,41.9957898683587,11.932171786748,33.3666700540494
23.486307132405,38.3727385821514,14.3779545026553,32.5511888876032
30.6845435320276,73.6266601693001,20.7284551486569,41.3246411063022
22.4134756376171,34.5812577652387,13.9506913858608,30.8764099237792
29.3660199004251,48.7068610821368,21.1514153433159,37.7114831574513
24.6599125676741,47.5722820330646,14.0803926142311,35.2395655080793
25.0033492247264,33.7962825298309,19.0002994139989,31.0065449078878
16.84916639328,15.669816215833,11.607449611028,22.0910579363505
18.734362244606,34.8929991722107,9.92136216163635,28.1906254291534
20.16427461647,21.2905371004626,13.9394862851217,26.3891942256587
12.8649532351809,12.3603815532933,7.15783550486106,18.1899512062362
27.7671494483948,36.5751991271973,22.5746746063232,32.9597492218018
17.4978963497998,24.7331378695615,11.5188002967072,23.4436248312022
25.1460824920724,34.312292848783,18.8510366892875,31.4561236208833
21.6303621042246,38.1507788395503,13.647183377541,29.1003492455115
19.1180134499439,22.3331225471833,11.7372781443654,26.4988791547134
15.9094435418503,17.3176254587674,9.97089351304173,21.9081692517773
31.828228172503,63.8285631380583,24.4613190701133,39.195275356895
30.5005068045396,53.0743814615103,22.1799032504742,38.8212377841656
25.6974274516106,37.9742990136147,17.9493215084076,33.4456679224968
28.0633784929911,47.807711760203,20.9270286560059,35.1998778978984
14.4545272796252,14.8868893830215,8.08221374813275,20.8269996697877
20.7595496177673,33.0954241752625,12.3198124170303,29.1993992328644
24.7444970936141,52.904835948832,13.4947664639562,35.9943678642123
32.7847607776969,66.7675983454862,24.7080258410082,40.8615953737231
12.4026560147669,8.96519333862803,7.43821248782227,17.3672072102353
27.3404667390601,46.0583464920386,19.7500053938095,34.93107779494
29.1124378983972,54.1041567476103,20.694958823715,37.5300808729169
26.0781745910645,32.2164988517761,21.0451493263245,31.1113238334656
29.9993495941162,68.346097946167,19.4213991165161,40.5774736404419
31.6298791885376,51.14748878479,25.2481141090393,38.0117893218994
27.8687236869198,54.4532885253887,19.1226886290423,36.6148974555854
24.0621896039956,27.1448183615267,17.1148542593409,31.0096537200585
22.3473321888041,33.7728011993393,15.2513197166574,29.4434558131774
14.6802592151011,19.2832144246788,9.98105404684804,19.3795667540693
26.0669493891976,52.4132760654796,16.8267291242426,35.3073071349751
30.0067868232727,58.6652226448059,21.2941617965698,38.7195496559143
28.1069993972778,56.0295858383179,17.8355872631073,38.3785238265991
11.2438567610199,12.7538093955398,5.15737296568212,17.3304548244957
26.9142576853434,46.3336486816406,18.8313163121541,34.9973402023315
16.4482458742166,18.810400672862,10.7292444187706,22.1673769392732
14.9475045873731,15.0594148161897,9.36871260476712,20.5264517916738
27.1086827498867,37.3806818730874,21.3521922789732,32.865332074321
21.752161383663,30.3331391405934,14.8714305203239,28.6330313096229
26.5103115773104,36.7324420570959,19.4664658682181,33.5543263939961
26.7421681611299,43.7833601661612,19.4637325931641,34.0207247099928
27.8762496975708,41.3117501762953,21.2092730096524,34.5433822683758
20.9178746830758,23.8799710457852,12.9980820439206,28.8378258732604
27.5593965008711,40.7937772097282,21.1152910991366,34.0036350943533
30.3986215818496,49.888531766619,23.5584212870825,37.2388219379243
25.8105398416519,41.2689425945282,17.7823246717453,33.838755607605
19.1362369855245,27.5003163019816,11.8827580610911,26.3897159894307
22.216182867686,35.606790860494,13.7651413281759,30.6672239303589
23.522264957428,27.0798180103302,18.4766496419907,28.5678802728653
27.0774745941162,39.7114984989166,20.9615242481232,33.1934239864349
21.4381699768219,31.53417533635,13.2868606079624,29.5894797269191
23.0860924698099,42.1920596888763,13.3568337377401,32.8153514677721
24.9178493022919,39.8997614383698,16.9282621145248,32.9074368476868
27.9638721696827,47.5034855719578,20.4829854964375,35.4447587892567
27.1372635992281,48.7349326245163,19.3383017801305,34.9362249503346
27.4977122929611,40.1629459207297,21.1352461030681,33.8601784660307
27.3248942116242,42.042275030439,20.0552998297728,34.5944886783984
27.3629943207902,47.0857111730949,20.3005306321084,34.4254576543392
26.0019148524188,43.0946177760064,17.1214153641853,34.8824137073414
26.2940988540649,40.7000484466553,17.9137496948242,34.6744480133057
27.2681741714478,52.1740493774414,17.3783495426178,37.1579990386963
27.4954228761418,49.260813207778,20.2107750320244,34.7800701833917
28.4300112724304,60.9019241333008,18.6953997612,38.164623260498
27.5359311537309,39.1875286969272,21.6302562626925,33.4416060881181
26.9497858796801,38.832473891122,22.0891243389675,31.8104475225721
29.478481224605,44.2822345324925,23.7571707453046,35.199791772025
26.5926880402998,36.6818307096308,20.2244109457189,32.9609651565552
33.0931512968881,55.973012651716,26.9770992824009,39.2092024939401
15.5922744750977,16.2883044242859,10.4778398513794,20.7067094802856
22.4511682987213,30.3080241680145,15.8205746412277,29.0817618370056
24.690004622304,35.3988553030162,18.1020046929418,31.2780046131172
15.1608421259866,18.0454631054517,9.5665204096011,20.7551635750799
25.6344787756678,41.2319925119105,19.3688083388086,31.9001485606436
27.027787252698,39.6141498798019,18.9473609004658,35.1082131610463
24.2691988945007,36.4782228469849,16.6760244369507,31.8623738288879
19.8880260896922,28.0249521662343,13.4749234380462,26.3011282555098
31.2659606933594,63.1910495758057,23.4035992622375,39.1283235549927
26.3647618293762,48.3631238937378,17.723774433136,35.0057492256165
26.0347247123718,38.4377489089966,20.8857741355896,31.1836748123169
28.0862743267254,45.031835652702,19.8358673911983,36.3366808156261
15.7942358340553,14.4608766813069,10.8071837496037,20.7812877918083
14.0221392711004,15.6347788174947,8.74822064240773,19.2960577805837
13.0317120552063,15.1900997161865,8.87857466936111,17.1848496198654
9.2980003833788,14.4997012043754,2.36164382613183,16.2343569161762
15.9132516284589,21.5357436696929,10.181753168736,21.644750174209
14.6657966760503,18.7616663327252,9.00153112697958,20.3300620413237
11.0076462933251,13.7515002496873,6.45599286425593,15.5592997702529
